t_recv_s,marker_finger_x,marker_finger_y,marker_finger_z,marker_finger_detected,marker_wrist_x,marker_wrist_y,marker_wrist_z,marker_wrist_detected
0.03371,0.113505,-0.104213,0.097863,1,0.075650,-0.063207,0.132393,1
0.06558,0.113776,-0.104868,0.097982,1,0.076034,-0.063374,0.132479,1
0.09779,0.113620,-0.103953,0.097870,1,0.075789,-0.063129,0.132458,1
0.13343,0.113622,-0.104277,0.097889,1,0.075784,-0.063103,0.132390,1
0.16538,0.113699,-0.104724,0.098037,1,0.075978,-0.063490,0.132522,1
0.19764,0.113684,-0.104998,0.098068,1,0.075869,-0.063456,0.132499,1
0.23377,0.113621,-0.104268,0.097999,1,0.075839,-0.063360,0.132509,1
0.26542,0.113626,-0.104062,0.097876,1,0.075824,-0.063188,0.132415,1
0.29761,0.113647,-0.104399,0.097935,1,0.075873,-0.063120,0.132404,1
0.33360,0.113759,-0.104850,0.098077,1,0.076031,-0.063519,0.132543,1
0.36539,0.113798,-0.104340,0.097872,1,0.076068,-0.063096,0.132403,1
0.39738,0.113579,-0.104017,0.097806,1,0.075747,-0.063158,0.132379,1
0.43340,0.113797,-0.104316,0.097841,1,0.076075,-0.063421,0.132490,1
0.46540,0.113763,-0.104757,0.098041,1,0.075986,-0.063122,0.132480,1
0.49766,0.113872,-0.104330,0.098040,1,0.076055,-0.062570,0.132427,1
0.53371,0.113840,-0.103834,0.097501,1,0.076042,-0.062903,0.132096,1
0.56559,0.113621,-0.104713,0.097793,1,0.075916,-0.064379,0.132554,1
0.59762,0.113873,-0.105317,0.098566,1,0.076125,-0.063003,0.132903,1
0.63356,0.113983,-0.102529,0.097282,1,0.076040,-0.061000,0.131785,1
0.66559,0.113695,-0.104280,0.097195,1,0.076011,-0.064341,0.132181,1
0.69738,0.113775,-0.106366,0.098777,1,0.076192,-0.064617,0.133203,1
0.73356,0.113785,-0.103536,0.097951,1,0.075794,-0.060940,0.132145,1
0.76581,0.113627,-0.103042,0.096944,1,0.075731,-0.062914,0.131775,1
0.79756,0.113748,-0.105612,0.098175,1,0.076185,-0.065076,0.132957,1
0.82977,0.113965,-0.104574,0.098424,1,0.076171,-0.062342,0.132729,1
0.86555,0.113707,-0.102553,0.097069,1,0.075706,-0.061416,0.131625,1
0.89761,0.113572,-0.105047,0.097674,1,0.075876,-0.064475,0.132493,1
0.93376,0.113875,-0.105353,0.098621,1,0.076215,-0.063589,0.133026,1
0.96567,0.113722,-0.102920,0.097475,1,0.075703,-0.061112,0.131843,1
0.99775,0.113660,-0.104273,0.097295,1,0.075922,-0.063685,0.132115,1
1.03347,0.113605,-0.105836,0.098606,1,0.075913,-0.064031,0.132980,1
1.06571,0.113895,-0.103623,0.097877,1,0.075960,-0.061222,0.132163,1
1.09764,0.113746,-0.103395,0.097170,1,0.075922,-0.062776,0.131913,1
1.13380,0.113697,-0.105521,0.098261,1,0.076078,-0.064551,0.132883,1
1.16544,0.113886,-0.104424,0.098260,1,0.076081,-0.062367,0.132547,1
1.19798,0.113839,-0.103580,0.097381,1,0.075983,-0.062387,0.131943,1
1.23422,0.113649,-0.104853,0.097858,1,0.075929,-0.064506,0.132605,1
1.26548,0.113873,-0.104765,0.098322,1,0.076131,-0.063080,0.132779,1
1.29920,0.113775,-0.103680,0.097571,1,0.075891,-0.061961,0.132002,1
1.33503,0.113620,-0.104354,0.097658,1,0.075871,-0.063730,0.132339,1
1.36996,0.113844,-0.105264,0.098317,1,0.076161,-0.063593,0.132825,1
1.40810,0.113935,-0.103691,0.097768,1,0.076082,-0.061798,0.132190,1
1.43780,0.113562,-0.103588,0.097378,1,0.075755,-0.063312,0.132127,1
1.46651,0.113695,-0.105344,0.098218,1,0.076023,-0.064148,0.132764,1
1.49850,0.113870,-0.103744,0.097902,1,0.076030,-0.062059,0.132357,1
1.53476,0.113717,-0.103624,0.097452,1,0.075891,-0.062864,0.132104,1
1.56648,0.113711,-0.105165,0.098030,1,0.075982,-0.063855,0.132541,1
1.59856,0.113841,-0.104612,0.098171,1,0.076068,-0.062773,0.132574,1
1.63829,0.113747,-0.103389,0.097541,1,0.075926,-0.062588,0.132171,1
1.67111,0.113716,-0.104621,0.097813,1,0.075973,-0.063573,0.132393,1
1.70576,0.113743,-0.105124,0.098255,1,0.075991,-0.063448,0.132654,1
1.74335,0.113746,-0.103760,0.097805,1,0.075883,-0.062448,0.132264,1
1.77980,0.113759,-0.104466,0.097702,1,0.076008,-0.063167,0.132251,1
1.81904,0.113759,-0.105006,0.098158,1,0.076036,-0.063605,0.132682,1
1.85536,0.113856,-0.103983,0.097869,1,0.076020,-0.062041,0.132271,1
1.89864,0.113692,-0.105064,0.098058,1,0.075946,-0.063798,0.132578,1
1.93823,0.113832,-0.104294,0.098046,1,0.075981,-0.062110,0.132375,1
1.96650,0.113746,-0.104140,0.097719,1,0.075909,-0.062486,0.132138,1
2.00269,0.113666,-0.104817,0.097888,1,0.076037,-0.064322,0.132575,1
2.03551,0.113761,-0.104854,0.098268,1,0.075976,-0.062982,0.132634,1
2.06830,0.113821,-0.103638,0.097675,1,0.075946,-0.061851,0.132126,1
2.09857,0.113622,-0.104382,0.097737,1,0.075849,-0.063444,0.132352,1
2.13452,0.113695,-0.104930,0.098204,1,0.075925,-0.063680,0.132684,1
2.16565,0.113679,-0.104089,0.097969,1,0.075770,-0.061821,0.132211,1
2.19762,0.113711,-0.103773,0.097555,1,0.075911,-0.062903,0.132167,1
2.23362,0.113633,-0.104741,0.098050,1,0.075884,-0.063641,0.132620,1
2.26565,0.113800,-0.104505,0.098119,1,0.075945,-0.062362,0.132409,1
2.29762,0.113787,-0.103871,0.097599,1,0.075944,-0.062340,0.132086,1
2.33362,0.113679,-0.104642,0.097858,1,0.075916,-0.063261,0.132395,1
2.36565,0.113738,-0.104689,0.098130,1,0.075985,-0.062862,0.132553,1
2.39752,0.113702,-0.103976,0.097780,1,0.075863,-0.062709,0.132261,1
2.43354,0.113621,-0.104881,0.097931,1,0.075859,-0.063596,0.132405,1
2.46558,0.113650,-0.104820,0.098151,1,0.075861,-0.063051,0.132538,1
2.49756,0.113812,-0.104241,0.097953,1,0.075985,-0.062271,0.132275,1
2.53355,0.113664,-0.104228,0.097742,1,0.075822,-0.062522,0.132153,1
2.56559,0.113708,-0.104639,0.098031,1,0.075921,-0.063385,0.132572,1
2.59751,0.113770,-0.104286,0.098062,1,0.075938,-0.062449,0.132428,1
2.63350,0.113640,-0.103865,0.097690,1,0.075801,-0.062797,0.132198,1
2.66564,0.113720,-0.104665,0.097885,1,0.076015,-0.063834,0.132520,1
2.69754,0.113858,-0.104776,0.098119,1,0.076093,-0.062832,0.132478,1
2.73356,0.113640,-0.103827,0.097739,1,0.075756,-0.062379,0.132192,1
2.76559,0.113747,-0.104274,0.097731,1,0.075989,-0.063230,0.132336,1
2.79758,0.113759,-0.104877,0.098112,1,0.075993,-0.062954,0.132508,1
2.83348,0.113825,-0.104606,0.098000,1,0.076002,-0.062330,0.132274,1
2.86552,0.113692,-0.104320,0.097765,1,0.075872,-0.062740,0.132227,1
2.89760,0.113722,-0.104253,0.097865,1,0.075970,-0.063307,0.132505,1
2.93352,0.113737,-0.104221,0.097948,1,0.075903,-0.062433,0.132351,1
2.96555,0.113602,-0.104147,0.097855,1,0.075770,-0.062817,0.132275,1
2.99748,0.113680,-0.104579,0.097944,1,0.075975,-0.063541,0.132505,1
3.03339,0.113843,-0.104742,0.098074,1,0.076060,-0.062495,0.132390,1
3.06543,0.113694,-0.103963,0.097780,1,0.075872,-0.062450,0.132219,1
3.09750,0.113713,-0.104875,0.097944,1,0.075973,-0.063518,0.132407,1
3.13332,0.113687,-0.104237,0.097912,1,0.075906,-0.063064,0.132438,1
3.16545,0.113736,-0.104328,0.097943,1,0.075956,-0.062838,0.132398,1
3.19740,0.113816,-0.104286,0.097747,1,0.076054,-0.062729,0.132270,1
3.23340,0.113706,-0.104676,0.098042,1,0.075911,-0.062988,0.132470,1
3.26553,0.113680,-0.104489,0.098044,1,0.075866,-0.062851,0.132453,1
3.29740,0.113754,-0.104359,0.097824,1,0.075948,-0.062421,0.132218,1
3.33335,0.113663,-0.104272,0.097843,1,0.075903,-0.063229,0.132378,1
3.36560,0.113836,-0.104845,0.098086,1,0.076058,-0.062807,0.132423,1
3.39736,0.113828,-0.104276,0.097840,1,0.076036,-0.062735,0.132339,1
3.43340,0.113698,-0.104216,0.097809,1,0.075879,-0.062929,0.132325,1
3.46542,0.113817,-0.104431,0.097897,1,0.076063,-0.063064,0.132405,1
3.49743,0.113756,-0.104824,0.098078,1,0.075929,-0.062696,0.132377,1
3.53339,0.113749,-0.104218,0.097819,1,0.075987,-0.063240,0.132391,1
3.56542,0.113633,-0.104873,0.098043,1,0.075820,-0.062805,0.132366,1
3.59739,0.113746,-0.104115,0.097841,1,0.075960,-0.062722,0.132337,1
3.63339,0.113712,-0.104193,0.097816,1,0.075935,-0.063153,0.132349,1
3.66540,0.113690,-0.104561,0.097929,1,0.075942,-0.063069,0.132343,1
3.69739,0.113772,-0.104214,0.097886,1,0.076023,-0.062987,0.132407,1
3.73338,0.113738,-0.104477,0.097947,1,0.075956,-0.062843,0.132382,1
3.76545,0.113750,-0.104547,0.097935,1,0.075972,-0.063072,0.132407,1
3.79736,0.113823,-0.104247,0.097834,1,0.076046,-0.062883,0.132367,1
3.83342,0.113758,-0.104567,0.097955,1,0.075970,-0.062822,0.132372,1
3.86559,0.113799,-0.104331,0.097819,1,0.076051,-0.063214,0.132368,1
3.89741,0.113687,-0.104595,0.097934,1,0.075913,-0.063120,0.132379,1
3.93342,0.113633,-0.104401,0.097946,1,0.075818,-0.062997,0.132398,1
3.96551,0.113642,-0.104664,0.098023,1,0.075815,-0.063168,0.132431,1
3.99742,0.113761,-0.104375,0.097842,1,0.075949,-0.062875,0.132338,1
4.03334,0.113763,-0.104738,0.098053,1,0.076020,-0.063227,0.132478,1
4.06545,0.113669,-0.104321,0.097893,1,0.075838,-0.062405,0.132281,1
4.09740,0.113685,-0.104066,0.097772,1,0.075878,-0.063126,0.132363,1
4.13340,0.113791,-0.104434,0.097941,1,0.076015,-0.062959,0.132444,1
4.16544,0.113749,-0.104337,0.097963,1,0.075951,-0.063102,0.132474,1
4.19739,0.113753,-0.104360,0.097831,1,0.076000,-0.063243,0.132387,1
4.23333,0.113765,-0.104469,0.097871,1,0.076045,-0.063353,0.132435,1
4.26539,0.113694,-0.104622,0.098006,1,0.075856,-0.062635,0.132354,1
4.29742,0.113767,-0.104675,0.097974,1,0.075979,-0.062674,0.132341,1
4.33332,0.113682,-0.104819,0.098018,1,0.075938,-0.063540,0.132480,1
4.36530,0.113792,-0.104178,0.097867,1,0.076013,-0.062816,0.132387,1
4.39738,0.113665,-0.104428,0.097995,1,0.075828,-0.062719,0.132404,1
4.43337,0.113719,-0.104387,0.097878,1,0.075919,-0.063060,0.132381,1
4.46543,0.113791,-0.104188,0.097807,1,0.076020,-0.063044,0.132379,1
4.49745,0.113712,-0.104701,0.098003,1,0.075947,-0.063097,0.132386,1
4.53331,0.113660,-0.104092,0.097754,1,0.075839,-0.062756,0.132262,1
4.56542,0.113693,-0.104481,0.097919,1,0.075913,-0.063217,0.132427,1
4.59739,0.113724,-0.104310,0.097979,1,0.075895,-0.062797,0.132450,1
4.63342,0.113743,-0.104527,0.097897,1,0.076003,-0.063184,0.132354,1
4.66541,0.113691,-0.104635,0.097968,1,0.075904,-0.063228,0.132438,1
4.69746,0.113738,-0.104140,0.097825,1,0.075949,-0.062839,0.132350,1
4.73342,0.113698,-0.104316,0.097951,1,0.075905,-0.063198,0.132465,1
4.76540,0.113712,-0.104866,0.097997,1,0.075918,-0.063073,0.132370,1
4.79740,0.113689,-0.104555,0.097991,1,0.075914,-0.062877,0.132400,1
4.83340,0.113705,-0.104390,0.097887,1,0.075920,-0.062938,0.132358,1
4.86539,0.113620,-0.104366,0.097924,1,0.075849,-0.063573,0.132478,1
4.89745,0.113670,-0.104544,0.097965,1,0.075859,-0.062962,0.132391,1
4.93339,0.113720,-0.104352,0.097893,1,0.075918,-0.062911,0.132378,1
4.96539,0.113757,-0.104265,0.097896,1,0.075978,-0.063192,0.132452,1
4.99740,0.113719,-0.104570,0.097977,1,0.075938,-0.063290,0.132458,1
5.03339,0.113740,-0.104504,0.097953,1,0.075930,-0.062959,0.132404,1
5.06532,0.113700,-0.104332,0.097874,1,0.075885,-0.062709,0.132325,1
5.09743,0.113716,-0.104814,0.098058,1,0.075921,-0.062834,0.132402,1
5.13338,0.113758,-0.104496,0.097923,1,0.075990,-0.063169,0.132406,1
5.16540,0.113750,-0.103866,0.097736,1,0.075994,-0.063144,0.132392,1
5.19745,0.113734,-0.103981,0.097731,1,0.075954,-0.062821,0.132323,1
5.23344,0.113667,-0.104418,0.097925,1,0.075830,-0.062718,0.132338,1
5.26538,0.113693,-0.104103,0.097841,1,0.075890,-0.062867,0.132370,1
5.29739,0.113669,-0.104156,0.097863,1,0.075892,-0.063134,0.132402,1
5.33339,0.113696,-0.104481,0.097886,1,0.075926,-0.063306,0.132410,1
5.36539,0.113748,-0.104324,0.097887,1,0.075929,-0.062665,0.132366,1
5.39732,0.113875,-0.104195,0.097758,1,0.076120,-0.062792,0.132315,1
5.43339,0.113652,-0.104537,0.097905,1,0.075875,-0.063299,0.132405,1
5.46538,0.113764,-0.104687,0.098018,1,0.075974,-0.062718,0.132368,1
5.49743,0.113744,-0.104376,0.097905,1,0.075940,-0.062724,0.132328,1
5.53339,0.113764,-0.104436,0.097916,1,0.075924,-0.062841,0.132373,1
5.56541,0.113643,-0.104268,0.097953,1,0.075802,-0.062967,0.132451,1
5.59739,0.113705,-0.104318,0.097888,1,0.075886,-0.063015,0.132380,1
5.63331,0.113731,-0.104470,0.097891,1,0.075959,-0.063181,0.132388,1
5.66538,0.113677,-0.104343,0.097896,1,0.075901,-0.063459,0.132475,1
5.69739,0.113827,-0.104433,0.097905,1,0.076050,-0.063012,0.132418,1
5.73341,0.113741,-0.104058,0.097787,1,0.075983,-0.063079,0.132366,1
5.76542,0.113719,-0.104299,0.097869,1,0.075899,-0.063088,0.132402,1
5.79740,0.113753,-0.104416,0.097904,1,0.075982,-0.062821,0.132357,1
5.83353,0.113718,-0.104504,0.097945,1,0.075932,-0.062984,0.132394,1
5.86540,0.113683,-0.104445,0.097898,1,0.075910,-0.063195,0.132406,1
5.89742,0.113673,-0.104227,0.097890,1,0.075848,-0.063010,0.132419,1
5.93338,0.113654,-0.104384,0.097984,1,0.075809,-0.062756,0.132407,1
5.96544,0.113700,-0.104130,0.097806,1,0.075872,-0.062851,0.132322,1
5.99742,0.113635,-0.104740,0.097997,1,0.075850,-0.063319,0.132425,1
6.03333,0.113706,-0.104516,0.097917,1,0.075897,-0.062908,0.132378,1
6.06539,0.113686,-0.104230,0.097859,1,0.075892,-0.063000,0.132368,1
6.09735,0.113769,-0.104143,0.097796,1,0.075966,-0.063030,0.132372,1
6.13343,0.113827,-0.104017,0.097803,1,0.076038,-0.062771,0.132358,1
6.16549,0.113748,-0.104100,0.097818,1,0.075951,-0.063093,0.132400,1
6.19743,0.113678,-0.104225,0.097841,1,0.075917,-0.063478,0.132439,1
6.23344,0.113739,-0.104503,0.097958,1,0.075993,-0.063385,0.132500,1
6.26543,0.113649,-0.104441,0.097954,1,0.075815,-0.062796,0.132360,1
6.29737,0.113755,-0.104460,0.097991,1,0.075972,-0.063274,0.132506,1
6.33337,0.113571,-0.104526,0.097964,1,0.075756,-0.062964,0.132363,1
6.36536,0.113688,-0.104732,0.098041,1,0.075879,-0.062931,0.132422,1
6.39736,0.113722,-0.104468,0.097899,1,0.075918,-0.062794,0.132332,1
6.43333,0.113730,-0.104608,0.097918,1,0.075956,-0.063064,0.132371,1
6.46540,0.113686,-0.104439,0.097939,1,0.075886,-0.063100,0.132424,1
6.49736,0.113710,-0.104063,0.097824,1,0.075865,-0.062926,0.132377,1
6.53343,0.113733,-0.104665,0.097978,1,0.075953,-0.063174,0.132437,1
6.56533,0.113719,-0.104205,0.097842,1,0.075920,-0.062774,0.132333,1
6.59740,0.113714,-0.104237,0.097892,1,0.075934,-0.063183,0.132444,1
6.63342,0.113676,-0.104429,0.097914,1,0.075859,-0.062772,0.132337,1
6.66540,0.113762,-0.104344,0.097854,1,0.075935,-0.062622,0.132322,1
6.69741,0.113643,-0.104415,0.097925,1,0.075847,-0.062949,0.132377,1
6.73332,0.113736,-0.104416,0.097909,1,0.075929,-0.063143,0.132401,1
6.76540,0.113683,-0.104656,0.097966,1,0.075868,-0.062825,0.132348,1
6.79731,0.113702,-0.104632,0.098007,1,0.075909,-0.063024,0.132434,1
6.83341,0.113740,-0.103913,0.097724,1,0.075977,-0.062950,0.132333,1
6.86556,0.113687,-0.104541,0.097913,1,0.075891,-0.063118,0.132377,1
6.89742,0.113576,-0.104452,0.098011,1,0.075718,-0.062852,0.132423,1
6.93340,0.113698,-0.104581,0.098009,1,0.075897,-0.062968,0.132425,1
6.96530,0.113680,-0.104530,0.097919,1,0.075861,-0.062736,0.132299,1
6.99744,0.113699,-0.104699,0.097982,1,0.075897,-0.063080,0.132399,1
7.03339,0.113778,-0.104446,0.097904,1,0.075960,-0.062643,0.132336,1
7.06538,0.113663,-0.104368,0.097870,1,0.075851,-0.063005,0.132332,1
7.09738,0.113780,-0.104248,0.097798,1,0.076026,-0.063347,0.132405,1
7.13339,0.113708,-0.104342,0.097913,1,0.075883,-0.062942,0.132412,1
7.16540,0.113752,-0.104674,0.097975,1,0.076020,-0.063392,0.132480,1
7.19741,0.113730,-0.104514,0.097919,1,0.075941,-0.062933,0.132381,1
7.23333,0.113687,-0.104405,0.097936,1,0.075862,-0.062872,0.132389,1
7.26540,0.113747,-0.104299,0.097852,1,0.075932,-0.062844,0.132360,1
7.29732,0.113676,-0.104172,0.097895,1,0.075876,-0.063043,0.132433,1
7.33339,0.113775,-0.104238,0.097837,1,0.075991,-0.063096,0.132388,1
7.36541,0.113702,-0.104826,0.098079,1,0.075895,-0.062805,0.132410,1
7.39750,0.113763,-0.104546,0.097983,1,0.075960,-0.063147,0.132449,1
7.43340,0.113739,-0.104372,0.097846,1,0.075949,-0.062797,0.132316,1
7.46538,0.113807,-0.104406,0.097851,1,0.076062,-0.063076,0.132370,1
7.49743,0.113905,-0.104406,0.097818,1,0.076176,-0.063126,0.132411,1
7.53339,0.113775,-0.104573,0.097979,1,0.076022,-0.063037,0.132443,1
7.56529,0.113592,-0.104093,0.097867,1,0.075770,-0.062885,0.132339,1
7.59730,0.113717,-0.104599,0.097924,1,0.075995,-0.063366,0.132439,1
7.63349,0.113794,-0.104598,0.097970,1,0.076029,-0.063005,0.132418,1
7.66529,0.113636,-0.104239,0.097914,1,0.075771,-0.062660,0.132323,1
7.69734,0.113608,-0.104411,0.097867,1,0.075807,-0.063078,0.132350,1
7.73342,0.113754,-0.104253,0.097818,1,0.076028,-0.063192,0.132415,1
7.76542,0.113523,-0.104312,0.098005,1,0.075693,-0.063084,0.132430,1
7.79751,0.113498,-0.104413,0.097949,1,0.075650,-0.063317,0.132403,1
7.83336,0.113805,-0.104344,0.097858,1,0.076098,-0.063457,0.132475,1
7.86528,0.113705,-0.104482,0.097984,1,0.075958,-0.063251,0.132466,1
7.89729,0.113568,-0.104478,0.097998,1,0.075750,-0.063300,0.132439,1
7.93337,0.113507,-0.104594,0.097993,1,0.075717,-0.063437,0.132415,1
7.96539,0.113686,-0.104435,0.097962,1,0.075938,-0.063311,0.132472,1
7.99737,0.113632,-0.104191,0.097901,1,0.075837,-0.063312,0.132472,1
8.03329,0.113728,-0.104585,0.097890,1,0.076008,-0.063673,0.132429,1
8.06533,0.113636,-0.104649,0.097965,1,0.075843,-0.063235,0.132393,1
8.09740,0.113561,-0.104583,0.098078,1,0.075751,-0.063211,0.132466,1
8.13327,0.113666,-0.104351,0.097904,1,0.075913,-0.063271,0.132417,1
8.16545,0.113506,-0.104457,0.097940,1,0.075750,-0.063906,0.132487,1
8.19741,0.113558,-0.104548,0.098031,1,0.075755,-0.063246,0.132444,1
8.23332,0.113777,-0.104367,0.097862,1,0.076042,-0.063466,0.132457,1
8.26530,0.113587,-0.104613,0.097974,1,0.075841,-0.063572,0.132443,1
8.29742,0.113582,-0.104568,0.097991,1,0.075798,-0.063430,0.132440,1
8.33330,0.113651,-0.104535,0.097953,1,0.075855,-0.062987,0.132391,1
8.36530,0.113633,-0.104487,0.097902,1,0.075857,-0.063181,0.132384,1
8.39734,0.113554,-0.104736,0.098061,1,0.075784,-0.063670,0.132502,1
8.43329,0.113561,-0.104314,0.097922,1,0.075755,-0.063503,0.132479,1
8.46529,0.113650,-0.104255,0.097866,1,0.075874,-0.063216,0.132398,1
8.49743,0.113645,-0.104363,0.097915,1,0.075754,-0.063238,0.132391,1
8.53329,0.113882,-0.104311,0.097960,1,0.075850,-0.063404,0.132418,1
8.56541,0.114156,-0.104370,0.097855,1,0.076134,-0.062983,0.132303,1
8.59745,0.114077,-0.103901,0.097793,1,0.076009,-0.063122,0.132337,1
8.63332,0.114225,-0.103290,0.098117,1,0.075923,-0.062412,0.132388,1
8.66529,0.114333,-0.103724,0.099190,1,0.075843,-0.062609,0.132884,1
8.69743,0.114549,-0.104156,0.098893,1,0.076120,-0.063090,0.132764,1
8.73330,0.114408,-0.104303,0.099049,1,0.075794,-0.063824,0.132893,1
8.76540,0.115076,-0.103860,0.099037,1,0.076370,-0.062920,0.132885,1
8.79739,0.115007,-0.104078,0.098968,1,0.076299,-0.063237,0.132766,1
8.83339,0.115058,-0.103716,0.098839,1,0.076366,-0.063185,0.132759,1
8.86530,0.115178,-0.104225,0.099050,1,0.076469,-0.063036,0.132881,1
8.89740,0.115118,-0.103952,0.098941,1,0.076337,-0.063191,0.132772,1
8.93339,0.115117,-0.103964,0.098743,1,0.076375,-0.063966,0.132770,1
8.96542,0.115310,-0.104312,0.098844,1,0.076522,-0.063438,0.132767,1
8.99730,0.115506,-0.103120,0.098734,1,0.076446,-0.062878,0.132677,1
9.03330,0.115727,-0.104379,0.099041,1,0.076605,-0.063170,0.132681,1
9.06529,0.115658,-0.103963,0.099121,1,0.076480,-0.063096,0.132765,1
9.09727,0.115799,-0.104108,0.099183,1,0.076600,-0.062783,0.132745,1
9.13327,0.115821,-0.103890,0.098980,1,0.076607,-0.063186,0.132699,1
9.16528,0.115718,-0.104063,0.099149,1,0.076454,-0.063348,0.132787,1
9.19728,0.116029,-0.103912,0.099051,1,0.076834,-0.063461,0.132815,1
9.23342,0.116040,-0.103970,0.098969,1,0.076736,-0.063143,0.132648,1
9.26531,0.116022,-0.104068,0.098965,1,0.076709,-0.063336,0.132678,1
9.29743,0.116073,-0.104431,0.099249,1,0.076745,-0.063339,0.132784,1
9.33343,0.116138,-0.103712,0.098905,1,0.076838,-0.063375,0.132686,1
9.36528,0.116205,-0.104092,0.099016,1,0.076895,-0.063408,0.132709,1
9.39739,0.116050,-0.103971,0.099197,1,0.076569,-0.063231,0.132749,1
9.43331,0.116441,-0.103679,0.099047,1,0.076873,-0.062834,0.132654,1
9.46540,0.116642,-0.103622,0.098859,1,0.077040,-0.063175,0.132575,1
9.49744,0.117426,-0.102618,0.099069,1,0.077418,-0.063174,0.132829,1
9.53342,0.118647,-0.102059,0.099156,1,0.078097,-0.061826,0.132687,1
9.56539,0.120400,-0.100619,0.098675,1,0.079370,-0.061864,0.132529,1
9.59741,0.121901,-0.100353,0.098671,1,0.080451,-0.061858,0.132571,1
9.63344,0.123352,-0.099362,0.098593,1,0.081373,-0.060467,0.132359,1
9.66544,0.124697,-0.098230,0.098268,1,0.082275,-0.060180,0.132174,1
9.69742,0.126096,-0.097270,0.098053,1,0.083262,-0.060173,0.132147,1
9.73344,0.127369,-0.095415,0.098212,1,0.083831,-0.059410,0.132223,1
9.76528,0.129057,-0.094175,0.098745,1,0.084749,-0.058225,0.132343,1
9.79741,0.130604,-0.092904,0.098468,1,0.085827,-0.058528,0.132289,1
9.83352,0.132155,-0.091892,0.098724,1,0.086690,-0.058189,0.132416,1
9.86542,0.134328,-0.089346,0.098503,1,0.088082,-0.056103,0.132224,1
9.89732,0.136517,-0.087208,0.098122,1,0.089587,-0.055419,0.132053,1
9.93343,0.138366,-0.085888,0.098263,1,0.090832,-0.055408,0.132179,1
9.96532,0.140509,-0.084089,0.098389,1,0.092408,-0.053978,0.132218,1
9.99741,0.142456,-0.082201,0.098353,1,0.093576,-0.052528,0.131902,1
10.03341,0.144347,-0.080534,0.098326,1,0.094890,-0.051889,0.131869,1
10.06548,0.146362,-0.078156,0.098517,1,0.096327,-0.050891,0.132097,1
10.09756,0.148188,-0.075926,0.098536,1,0.097484,-0.048966,0.131844,1
10.13342,0.150051,-0.073443,0.098416,1,0.098752,-0.047627,0.131695,1
10.16532,0.151876,-0.070868,0.098455,1,0.100070,-0.047001,0.131866,1
10.19741,0.153705,-0.067589,0.098331,1,0.101303,-0.045273,0.131846,1
10.23371,0.155264,-0.064767,0.098020,1,0.102392,-0.043412,0.131510,1
10.26540,0.156736,-0.062825,0.097907,1,0.103581,-0.043177,0.131599,1
10.29743,0.158016,-0.060933,0.098116,1,0.104595,-0.041440,0.131691,1
10.33342,0.158832,-0.058999,0.098120,1,0.105122,-0.039968,0.131540,1
10.36547,0.159385,-0.057616,0.098005,1,0.105453,-0.039729,0.131483,1
10.39742,0.159961,-0.057167,0.098060,1,0.106093,-0.039383,0.131639,1
10.43331,0.159919,-0.056854,0.098149,1,0.106037,-0.038512,0.131560,1
10.46542,0.159631,-0.057755,0.097286,1,0.106170,-0.039309,0.131197,1
10.49745,0.159412,-0.056251,0.096525,1,0.105976,-0.038758,0.130948,1
10.53346,0.159307,-0.057672,0.097086,1,0.105992,-0.039109,0.131208,1
10.56542,0.159069,-0.057535,0.096631,1,0.105746,-0.038600,0.130794,1
10.59730,0.159156,-0.057737,0.096777,1,0.105802,-0.039265,0.130970,1
10.63341,0.159189,-0.057378,0.096828,1,0.105863,-0.039210,0.131176,1
10.66528,0.159201,-0.057712,0.096864,1,0.105926,-0.038547,0.130959,1
10.69748,0.159079,-0.056982,0.096556,1,0.105659,-0.038399,0.130762,1
10.73339,0.159151,-0.058189,0.096809,1,0.105943,-0.039309,0.131031,1
10.76539,0.159329,-0.057201,0.096710,1,0.106033,-0.038695,0.131026,1
10.79739,0.159056,-0.057035,0.096654,1,0.105667,-0.038449,0.130851,1
10.83326,0.159065,-0.057848,0.096739,1,0.105793,-0.039136,0.130959,1
10.86537,0.159182,-0.057637,0.096900,1,0.105883,-0.039370,0.131212,1
10.89755,0.159201,-0.057288,0.096621,1,0.105893,-0.038225,0.130776,1
10.93352,0.159271,-0.057229,0.096421,1,0.105980,-0.038790,0.130795,1
10.96540,0.159049,-0.058108,0.096971,1,0.105809,-0.039293,0.131162,1
10.99739,0.159254,-0.057511,0.096782,1,0.105966,-0.038775,0.131016,1
11.03351,0.159171,-0.057407,0.096576,1,0.105855,-0.038386,0.130766,1
11.06548,0.159181,-0.058267,0.096796,1,0.106003,-0.039148,0.131019,1
11.09742,0.159279,-0.057697,0.096878,1,0.106028,-0.038941,0.131084,1
11.13339,0.158658,-0.058343,0.096835,1,0.105451,-0.039055,0.130927,1
11.16539,0.158239,-0.059789,0.097119,1,0.105157,-0.040402,0.131214,1
11.19739,0.158888,-0.057946,0.096876,1,0.105624,-0.039587,0.131179,1
11.23355,0.159303,-0.057499,0.096816,1,0.105973,-0.038433,0.130938,1
11.26527,0.159111,-0.057673,0.096675,1,0.105808,-0.038780,0.130831,1
11.29739,0.158948,-0.058343,0.096956,1,0.105734,-0.039638,0.131150,1
11.33353,0.159159,-0.057583,0.096776,1,0.105896,-0.038989,0.131031,1
11.36540,0.159161,-0.057225,0.096562,1,0.105824,-0.038813,0.130864,1
11.39739,0.159055,-0.058287,0.096850,1,0.105855,-0.039099,0.130959,1
11.43355,0.158915,-0.057971,0.096969,1,0.105676,-0.039241,0.131116,1
11.46540,0.159308,-0.055548,0.096999,1,0.105548,-0.038057,0.131121,1
11.49745,0.159648,-0.057885,0.099068,1,0.105448,-0.040203,0.131925,1
11.53338,0.159868,-0.057884,0.099571,1,0.105593,-0.039897,0.132218,1
11.56541,0.160190,-0.056836,0.099458,1,0.105689,-0.038777,0.131938,1
11.59727,0.160102,-0.057424,0.099950,1,0.105545,-0.039101,0.132179,1
11.63327,0.160539,-0.057052,0.100584,1,0.105868,-0.038435,0.132613,1
11.66554,0.160863,-0.056524,0.101177,1,0.105981,-0.037983,0.132901,1
11.69754,0.161243,-0.056484,0.101671,1,0.106220,-0.038398,0.133286,1
11.73328,0.161311,-0.056465,0.102532,1,0.106141,-0.038341,0.133865,1
11.76541,0.161870,-0.055116,0.103408,1,0.106339,-0.037124,0.134425,1
11.79741,0.161886,-0.056250,0.104470,1,0.106311,-0.038257,0.135155,1
11.83338,0.161813,-0.057012,0.104769,1,0.106316,-0.039162,0.135435,1
11.86535,0.162169,-0.055760,0.105346,1,0.106326,-0.038110,0.135736,1
11.89748,0.162362,-0.055997,0.105882,1,0.106467,-0.038055,0.135978,1
11.93330,0.162348,-0.056321,0.106060,1,0.106459,-0.038634,0.136155,1
11.96531,0.162789,-0.055084,0.107125,1,0.106510,-0.037635,0.136952,1
11.99731,0.163163,-0.054984,0.108750,1,0.106614,-0.037135,0.138014,1
12.03345,0.163303,-0.055861,0.110365,1,0.106635,-0.037916,0.139226,1
12.06534,0.163628,-0.056422,0.112020,1,0.106873,-0.038290,0.140542,1
12.09727,0.164593,-0.054775,0.113465,1,0.107366,-0.037123,0.141541,1
12.13351,0.164906,-0.055446,0.115529,1,0.107482,-0.037922,0.142997,1
12.16541,0.164974,-0.056006,0.116848,1,0.107478,-0.039093,0.144149,1
12.19745,0.165118,-0.056009,0.118220,1,0.107461,-0.038369,0.145086,1
12.22943,0.165336,-0.056400,0.119011,1,0.107617,-0.038732,0.145610,1
12.26537,0.165077,-0.057646,0.119480,1,0.107495,-0.040708,0.146050,1
12.29746,0.165134,-0.057349,0.119505,1,0.107511,-0.039931,0.146064,1
12.33341,0.165031,-0.056322,0.119670,1,0.107189,-0.039430,0.146100,1
12.36541,0.165387,-0.056905,0.119516,1,0.107684,-0.039520,0.146045,1
12.39741,0.165241,-0.056788,0.120198,1,0.107420,-0.040065,0.146588,1
12.43352,0.165335,-0.056639,0.120080,1,0.107557,-0.039164,0.146411,1
12.46525,0.165365,-0.056692,0.119906,1,0.107648,-0.039774,0.146418,1
12.49728,0.165228,-0.057239,0.119685,1,0.107662,-0.039556,0.146313,1
12.53339,0.165289,-0.056697,0.119819,1,0.107643,-0.039505,0.146430,1
12.56525,0.165370,-0.056380,0.120136,1,0.107566,-0.039214,0.146615,1
12.59740,0.165231,-0.057317,0.120646,1,0.107563,-0.040582,0.147032,1
12.63341,0.165163,-0.057394,0.120419,1,0.107561,-0.040433,0.146905,1
12.66541,0.165146,-0.056491,0.120060,1,0.107401,-0.039384,0.146541,1
12.69743,0.165167,-0.056739,0.120019,1,0.107458,-0.040177,0.146626,1
12.73336,0.165127,-0.056905,0.120020,1,0.107480,-0.039786,0.146602,1
12.76529,0.164972,-0.057161,0.119908,1,0.107367,-0.040063,0.146482,1
12.79739,0.164979,-0.057289,0.119437,1,0.107433,-0.040572,0.146195,1
12.83353,0.165131,-0.056786,0.118852,1,0.107616,-0.039948,0.145852,1
12.86540,0.165295,-0.056290,0.119239,1,0.107634,-0.039033,0.145997,1
12.89746,0.165382,-0.056578,0.119589,1,0.107663,-0.039552,0.146189,1
12.93341,0.165350,-0.056987,0.119942,1,0.107627,-0.039730,0.146405,1
12.96544,0.165353,-0.056407,0.120626,1,0.107419,-0.039288,0.146777,1
12.99754,0.165205,-0.056363,0.121096,1,0.107142,-0.039252,0.146961,1
13.03341,0.165336,-0.056528,0.121321,1,0.107215,-0.039031,0.147001,1
13.06540,0.165515,-0.056561,0.121731,1,0.107341,-0.039654,0.147340,1
13.09742,0.166075,-0.055241,0.122168,1,0.107593,-0.038528,0.147487,1
13.13340,0.166170,-0.054454,0.123842,1,0.107105,-0.038347,0.148016,1
13.16544,0.167001,-0.054147,0.126210,1,0.107162,-0.038147,0.148570,1
13.19741,0.167456,-0.054140,0.130008,1,0.106721,-0.038048,0.149517,1
13.23344,0.167555,-0.055242,0.133521,1,0.106156,-0.038735,0.150045,1
13.26541,0.167770,-0.055348,0.136058,1,0.105791,-0.040112,0.150087,1
13.29742,0.167684,-0.055981,0.138128,1,0.105378,-0.040145,0.149793,1
13.33344,0.167822,-0.056078,0.139623,1,0.105267,-0.040300,0.149732,1
13.36547,0.167703,-0.056766,0.140609,1,0.105127,-0.040184,0.149788,1
13.39741,0.167259,-0.057111,0.141345,1,0.104686,-0.040230,0.150125,1
13.43339,0.166751,-0.057840,0.140981,1,0.104329,-0.041016,0.150066,1
13.46539,0.166904,-0.057447,0.139786,1,0.104522,-0.041410,0.149519,1
13.49742,0.166852,-0.058360,0.139071,1,0.104618,-0.041600,0.149123,1
13.53326,0.166995,-0.058108,0.138175,1,0.104809,-0.041279,0.148663,1
13.56526,0.166781,-0.057657,0.137927,1,0.104510,-0.040976,0.148472,1
13.59731,0.167189,-0.057663,0.137852,1,0.104932,-0.040179,0.148487,1
13.63327,0.167251,-0.057316,0.138188,1,0.104941,-0.041104,0.148780,1
13.66540,0.166595,-0.057706,0.138662,1,0.104285,-0.040346,0.148766,1
13.69726,0.166914,-0.057566,0.138384,1,0.104595,-0.041346,0.148783,1
13.73339,0.166955,-0.057427,0.137699,1,0.104710,-0.042013,0.148591,1
13.76540,0.166896,-0.057465,0.136699,1,0.104691,-0.040632,0.147824,1
13.79739,0.166911,-0.057887,0.136708,1,0.104700,-0.041086,0.147776,1
13.83342,0.167129,-0.057633,0.136827,1,0.104854,-0.040429,0.147861,1
13.86546,0.167120,-0.057485,0.136588,1,0.104853,-0.040507,0.147659,1
13.89779,0.166863,-0.057791,0.136740,1,0.104587,-0.041060,0.147732,1
13.93347,0.166966,-0.058028,0.136855,1,0.104762,-0.041377,0.147923,1
13.96549,0.167217,-0.057526,0.136570,1,0.104973,-0.041016,0.147732,1
13.99744,0.167156,-0.057664,0.136462,1,0.104894,-0.040492,0.147553,1
14.02964,0.167036,-0.057947,0.136680,1,0.104810,-0.041055,0.147761,1
14.06543,0.167124,-0.057863,0.136733,1,0.104908,-0.041580,0.147888,1
14.09756,0.167049,-0.057624,0.136498,1,0.104789,-0.040053,0.147511,1
14.13345,0.167067,-0.057729,0.136621,1,0.104801,-0.040841,0.147713,1
14.16542,0.167068,-0.057856,0.136730,1,0.104847,-0.041082,0.147833,1
14.19755,0.166913,-0.057548,0.136708,1,0.104622,-0.040218,0.147647,1
14.23342,0.167131,-0.057738,0.136434,1,0.104875,-0.040672,0.147579,1
14.26543,0.167156,-0.057790,0.136647,1,0.104920,-0.041115,0.147789,1
14.29744,0.167335,-0.057466,0.136459,1,0.105078,-0.040955,0.147689,1
14.33342,0.167199,-0.057549,0.136358,1,0.104931,-0.040569,0.147516,1
14.36542,0.166988,-0.057918,0.136673,1,0.104749,-0.040971,0.147743,1
14.39727,0.167120,-0.057629,0.136631,1,0.104869,-0.040466,0.147717,1
14.42926,0.167001,-0.057444,0.136444,1,0.104714,-0.040593,0.147531,1
14.46540,0.167166,-0.058169,0.136496,1,0.104981,-0.041261,0.147688,1
14.49743,0.167158,-0.057498,0.136606,1,0.104890,-0.040770,0.147758,1
14.53355,0.167066,-0.057499,0.136459,1,0.104804,-0.040703,0.147570,1
14.56540,0.167184,-0.057602,0.136260,1,0.104956,-0.040771,0.147460,1
14.59745,0.167158,-0.057618,0.136610,1,0.104898,-0.040542,0.147752,1
14.63331,0.167187,-0.057604,0.136535,1,0.104951,-0.040511,0.147662,1
14.66546,0.166915,-0.057856,0.136467,1,0.104692,-0.040229,0.147466,1
14.69743,0.167175,-0.057688,0.136498,1,0.104933,-0.041871,0.147779,1
14.73326,0.167279,-0.057643,0.136577,1,0.105044,-0.041038,0.147788,1
14.76540,0.166874,-0.057641,0.136561,1,0.104604,-0.040194,0.147542,1
14.79726,0.167316,-0.057875,0.136342,1,0.105094,-0.040537,0.147558,1
14.83330,0.167192,-0.057628,0.136557,1,0.104952,-0.040739,0.147728,1
14.86541,0.167318,-0.057480,0.136374,1,0.105063,-0.040753,0.147587,1
14.89746,0.166898,-0.057829,0.136485,1,0.104651,-0.040549,0.147522,1
14.93325,0.167206,-0.057651,0.136543,1,0.104961,-0.040969,0.147754,1
14.96541,0.167218,-0.057474,0.136463,1,0.104948,-0.040145,0.147590,1
14.99734,0.166993,-0.057846,0.136443,1,0.104771,-0.040600,0.147514,1
